"","TAGNUMBER","SEX","TANK_Real","condition1","WEIGHT","condition2","LENGTH","condition3","TIME"
"7","00186D163B","F",201,"WEIGHT_1",2.6,"LENGTH_1",61,"T1",2021-07-29
"6","00186D163B","F",201,"WEIGHT_2",5.9,"LENGTH_2",79,"T2",2021-08-30
"4","00186D163B","F",201,"WEIGHT_3",7,"LENGTH_3",85,"T3",2021-09-29
"1","00186D163B","F",201,"WEIGHT_4",10.9,"LENGTH_4",99,"T4",2021-11-04
"2","00186D163B","F",201,"WEIGHT_5",17.8,"LENGTH_5",119,"T5",2021-12-09
"5","00186D163B","F",201,"WEIGHT_6",27.9,"LENGTH_6",134,"T6",2022-01-06
"3","00186D163B","F",201,"WEIGHT_7",56.6,"LENGTH_7",166,"T7",2022-03-30
"10","00186D163D","M",201,"WEIGHT_1",2.8,"LENGTH_1",63,"T1",2021-07-29
"8","00186D163D","M",201,"WEIGHT_2",5,"LENGTH_2",76,"T2",2021-08-30
"11","00186D163D","M",201,"WEIGHT_3",5.7,"LENGTH_3",80,"T3",2021-09-29
"14","00186D163D","M",201,"WEIGHT_4",12,"LENGTH_4",100,"T4",2021-11-04
"12","00186D163D","M",201,"WEIGHT_5",NA,"LENGTH_5",NA,"T5",NA
"13","00186D163D","M",201,"WEIGHT_6",NA,"LENGTH_6",NA,"T6",NA
"9","00186D163D","M",201,"WEIGHT_7",NA,"LENGTH_7",NA,"T7",NA
"20","00186D1640","M",202,"WEIGHT_1",2.7,"LENGTH_1",64,"T1",2021-07-29
"15","00186D1640","M",202,"WEIGHT_2",9.7,"LENGTH_2",95,"T2",2021-08-30
"19","00186D1640","M",202,"WEIGHT_3",16.6,"LENGTH_3",115,"T3",2021-09-29
"16","00186D1640","M",202,"WEIGHT_4",44.2,"LENGTH_4",151,"T4",2021-11-04
"21","00186D1640","M",202,"WEIGHT_5",87.7,"LENGTH_5",190,"T5",2021-12-09
"17","00186D1640","M",202,"WEIGHT_6",114.9,"LENGTH_6",209,"T6",2022-01-06
"18","00186D1640","M",202,"WEIGHT_7",107.7,"LENGTH_7",203,"T7",2022-02-04
"24","00186D1646","F",201,"WEIGHT_1",2.9,"LENGTH_1",65,"T1",2021-07-29
"28","00186D1646","F",201,"WEIGHT_2",6.8,"LENGTH_2",82,"T2",2021-08-30
"23","00186D1646","F",201,"WEIGHT_3",10.2,"LENGTH_3",96,"T3",2021-09-29
"27","00186D1646","F",201,"WEIGHT_4",18.1,"LENGTH_4",115,"T4",2021-11-04
"22","00186D1646","F",201,"WEIGHT_5",NA,"LENGTH_5",NA,"T5",NA
"25","00186D1646","F",201,"WEIGHT_6",NA,"LENGTH_6",NA,"T6",NA
"26","00186D1646","F",201,"WEIGHT_7",NA,"LENGTH_7",NA,"T7",NA
"29","00186D1648","M",202,"WEIGHT_1",2.3,"LENGTH_1",60,"T1",2021-07-29
"30","00186D1648","M",202,"WEIGHT_2",3.9,"LENGTH_2",70,"T2",2021-08-30
"31","00186D1648","M",202,"WEIGHT_3",3.7,"LENGTH_3",73,"T3",2021-09-29
"35","00186D1648","M",202,"WEIGHT_4",10,"LENGTH_4",95,"T4",2021-11-04
"32","00186D1648","M",202,"WEIGHT_5",NA,"LENGTH_5",NA,"T5",NA
"33","00186D1648","M",202,"WEIGHT_6",NA,"LENGTH_6",NA,"T6",NA
"34","00186D1648","M",202,"WEIGHT_7",NA,"LENGTH_7",NA,"T7",NA
"41","00186D164C","M",151,"WEIGHT_1",1.9,"LENGTH_1",56,"T1",2021-07-29
"39","00186D164C","M",151,"WEIGHT_2",6.2,"LENGTH_2",85,"T2",2021-08-30
"38","00186D164C","M",151,"WEIGHT_3",17.2,"LENGTH_3",116,"T3",2021-09-29
"37","00186D164C","M",151,"WEIGHT_4",41.2,"LENGTH_4",151,"T4",2021-11-04
"40","00186D164C","M",151,"WEIGHT_5",81.5,"LENGTH_5",191,"T5",2021-12-09
"42","00186D164C","M",151,"WEIGHT_6",114.6,"LENGTH_6",216,"T6",2022-01-06
"36","00186D164C","M",151,"WEIGHT_7",250.5,"LENGTH_7",274,"T7",2022-03-30
"44","00186D164E","M",151,"WEIGHT_1",1.9,"LENGTH_1",56,"T1",2021-07-29
"47","00186D164E","M",151,"WEIGHT_2",5.8,"LENGTH_2",80,"T2",2021-08-30
"46","00186D164E","M",151,"WEIGHT_3",17.1,"LENGTH_3",111,"T3",2021-09-29
"45","00186D164E","M",151,"WEIGHT_4",39.7,"LENGTH_4",141,"T4",2021-11-04
"43","00186D164E","M",151,"WEIGHT_5",75.7,"LENGTH_5",178,"T5",2021-12-09
"48","00186D164E","M",151,"WEIGHT_6",113.8,"LENGTH_6",207,"T6",2022-01-06
"49","00186D164E","M",151,"WEIGHT_7",268.6,"LENGTH_7",268,"T7",2022-03-30
"54","00186D164F","F",151,"WEIGHT_1",1.8,"LENGTH_1",56,"T1",2021-07-29
"52","00186D164F","F",151,"WEIGHT_2",4.6,"LENGTH_2",77,"T2",2021-08-30
"56","00186D164F","F",151,"WEIGHT_3",11.6,"LENGTH_3",103,"T3",2021-09-29
"53","00186D164F","F",151,"WEIGHT_4",16.6,"LENGTH_4",116,"T4",2021-11-04
"51","00186D164F","F",151,"WEIGHT_5",29.1,"LENGTH_5",141,"T5",2021-12-09
"55","00186D164F","F",151,"WEIGHT_6",46.5,"LENGTH_6",164,"T6",2022-01-06
"50","00186D164F","F",151,"WEIGHT_7",70.1,"LENGTH_7",183,"T7",2022-02-04
"58","00186D1654","F",152,"WEIGHT_1",2.8,"LENGTH_1",62,"T1",2021-07-29
"61","00186D1654","F",152,"WEIGHT_2",7.9,"LENGTH_2",88,"T2",2021-08-30
"63","00186D1654","F",152,"WEIGHT_3",18.7,"LENGTH_3",118,"T3",2021-09-29
"62","00186D1654","F",152,"WEIGHT_4",36.5,"LENGTH_4",147,"T4",2021-11-04
"59","00186D1654","F",152,"WEIGHT_5",66,"LENGTH_5",180,"T5",2021-12-09
"60","00186D1654","F",152,"WEIGHT_6",91.6,"LENGTH_6",204,"T6",2022-01-06
"57","00186D1654","F",152,"WEIGHT_7",207.7,"LENGTH_7",265,"T7",2022-03-30
"69","00186D1655","M",202,"WEIGHT_1",3.7,"LENGTH_1",71,"T1",2021-07-29
"68","00186D1655","M",202,"WEIGHT_2",8.3,"LENGTH_2",90,"T2",2021-08-30
"67","00186D1655","M",202,"WEIGHT_3",14.7,"LENGTH_3",111,"T3",2021-09-29
"65","00186D1655","M",202,"WEIGHT_4",28.8,"LENGTH_4",135,"T4",2021-11-04
"66","00186D1655","M",202,"WEIGHT_5",58.5,"LENGTH_5",169,"T5",2021-12-09
"70","00186D1655","M",202,"WEIGHT_6",71.8,"LENGTH_6",186,"T6",2022-01-06
"64","00186D1655","M",202,"WEIGHT_7",140.2,"LENGTH_7",225,"T7",2022-03-30
"72","00186D1656","M",202,"WEIGHT_1",2,"LENGTH_1",57,"T1",2021-07-29
"77","00186D1656","M",202,"WEIGHT_2",5.6,"LENGTH_2",79,"T2",2021-08-30
"74","00186D1656","M",202,"WEIGHT_3",9.9,"LENGTH_3",95,"T3",2021-09-29
"71","00186D1656","M",202,"WEIGHT_4",25.9,"LENGTH_4",129,"T4",2021-11-04
"73","00186D1656","M",202,"WEIGHT_5",51,"LENGTH_5",160,"T5",2021-12-09
"75","00186D1656","M",202,"WEIGHT_6",74.7,"LENGTH_6",180,"T6",2022-01-06
"76","00186D1656","M",202,"WEIGHT_7",96.1,"LENGTH_7",192,"T7",2022-02-04
"84","00186D1659","M",202,"WEIGHT_1",2.1,"LENGTH_1",57,"T1",2021-07-29
"82","00186D1659","M",202,"WEIGHT_2",4.9,"LENGTH_2",77,"T2",2021-08-30
"83","00186D1659","M",202,"WEIGHT_3",4,"LENGTH_3",76,"T3",2021-09-29
"81","00186D1659","M",202,"WEIGHT_4",7.5,"LENGTH_4",85,"T4",2021-11-04
"80","00186D1659","M",202,"WEIGHT_5",21.9,"LENGTH_5",120,"T5",2021-12-09
"79","00186D1659","M",202,"WEIGHT_6",41.3,"LENGTH_6",148,"T6",2022-01-06
"78","00186D1659","M",202,"WEIGHT_7",85.8,"LENGTH_7",175,"T7",2022-02-04
"87","00186D165E","M",201,"WEIGHT_1",2.1,"LENGTH_1",58,"T1",2021-07-29
"89","00186D165E","M",201,"WEIGHT_2",4,"LENGTH_2",71,"T2",2021-08-30
"91","00186D165E","M",201,"WEIGHT_3",5.7,"LENGTH_3",80,"T3",2021-09-29
"85","00186D165E","M",201,"WEIGHT_4",9.4,"LENGTH_4",90,"T4",2021-11-04
"86","00186D165E","M",201,"WEIGHT_5",NA,"LENGTH_5",NA,"T5",NA
"90","00186D165E","M",201,"WEIGHT_6",NA,"LENGTH_6",NA,"T6",NA
"88","00186D165E","M",201,"WEIGHT_7",NA,"LENGTH_7",NA,"T7",NA
"92","00186D1662","M",201,"WEIGHT_1",2,"LENGTH_1",58,"T1",2021-07-29
"96","00186D1662","M",201,"WEIGHT_2",4,"LENGTH_2",70,"T2",2021-08-30
"98","00186D1662","M",201,"WEIGHT_3",3.3,"LENGTH_3",70,"T3",2021-09-29
"94","00186D1662","M",201,"WEIGHT_4",4.5,"LENGTH_4",76,"T4",2021-11-04
"95","00186D1662","M",201,"WEIGHT_5",9.7,"LENGTH_5",93,"T5",2021-12-09
"93","00186D1662","M",201,"WEIGHT_6",17.8,"LENGTH_6",117,"T6",2022-01-06
"97","00186D1662","M",201,"WEIGHT_7",60.6,"LENGTH_7",172,"T7",2022-03-30
"103","00186D1663","F",202,"WEIGHT_1",1.5,"LENGTH_1",52,"T1",2021-07-29
"102","00186D1663","F",202,"WEIGHT_2",3.1,"LENGTH_2",65,"T2",2021-08-30
"105","00186D1663","F",202,"WEIGHT_3",4,"LENGTH_3",71,"T3",2021-09-29
"100","00186D1663","F",202,"WEIGHT_4",7.3,"LENGTH_4",84,"T4",2021-11-04
"99","00186D1663","F",202,"WEIGHT_5",12.6,"LENGTH_5",103,"T5",2021-12-09
"101","00186D1663","F",202,"WEIGHT_6",15.3,"LENGTH_6",112,"T6",2022-01-06
"104","00186D1663","F",202,"WEIGHT_7",40.3,"LENGTH_7",150,"T7",2022-03-30
"108","00186D1667","F",152,"WEIGHT_1",2.5,"LENGTH_1",61,"T1",2021-07-29
"110","00186D1667","F",152,"WEIGHT_2",6,"LENGTH_2",85,"T2",2021-08-30
"106","00186D1667","F",152,"WEIGHT_3",17.2,"LENGTH_3",116,"T3",2021-09-29
"109","00186D1667","F",152,"WEIGHT_4",32.9,"LENGTH_4",145,"T4",2021-11-04
"107","00186D1667","F",152,"WEIGHT_5",NA,"LENGTH_5",NA,"T5",NA
"112","00186D1667","F",152,"WEIGHT_6",NA,"LENGTH_6",NA,"T6",NA
"111","00186D1667","F",152,"WEIGHT_7",NA,"LENGTH_7",NA,"T7",NA
"113","00186D166A","F",152,"WEIGHT_1",2.3,"LENGTH_1",59,"T1",2021-07-29
"118","00186D166A","F",152,"WEIGHT_2",4.6,"LENGTH_2",75,"T2",2021-08-30
"116","00186D166A","F",152,"WEIGHT_3",9.6,"LENGTH_3",95,"T3",2021-09-29
"114","00186D166A","F",152,"WEIGHT_4",15.1,"LENGTH_4",112,"T4",2021-11-04
"119","00186D166A","F",152,"WEIGHT_5",21,"LENGTH_5",125,"T5",2021-12-09
"117","00186D166A","F",152,"WEIGHT_6",27.6,"LENGTH_6",135,"T6",2022-01-06
"115","00186D166A","F",152,"WEIGHT_7",40.1,"LENGTH_7",151,"T7",2022-02-04
"126","00186D166B","F",201,"WEIGHT_1",1.7,"LENGTH_1",56,"T1",2021-07-29
"125","00186D166B","F",201,"WEIGHT_2",4.5,"LENGTH_2",75,"T2",2021-08-30
"123","00186D166B","F",201,"WEIGHT_3",7.8,"LENGTH_3",88,"T3",2021-09-29
"120","00186D166B","F",201,"WEIGHT_4",19.8,"LENGTH_4",115,"T4",2021-11-04
"122","00186D166B","F",201,"WEIGHT_5",32.5,"LENGTH_5",137,"T5",2021-12-09
"121","00186D166B","F",201,"WEIGHT_6",47.4,"LENGTH_6",153,"T6",2022-01-06
"124","00186D166B","F",201,"WEIGHT_7",55.4,"LENGTH_7",159,"T7",2022-02-04
"133","00186D166C","M",152,"WEIGHT_1",3.4,"LENGTH_1",68,"T1",2021-07-29
"129","00186D166C","M",152,"WEIGHT_2",9.6,"LENGTH_2",96,"T2",2021-08-30
"128","00186D166C","M",152,"WEIGHT_3",22.6,"LENGTH_3",128,"T3",2021-09-29
"130","00186D166C","M",152,"WEIGHT_4",49.1,"LENGTH_4",168,"T4",2021-11-04
"132","00186D166C","M",152,"WEIGHT_5",88.2,"LENGTH_5",202,"T5",2021-12-09
"127","00186D166C","M",152,"WEIGHT_6",118.5,"LENGTH_6",212,"T6",2022-01-06
"131","00186D166C","M",152,"WEIGHT_7",321,"LENGTH_7",303,"T7",2022-03-30
"134","00186D166E","F",202,"WEIGHT_1",2.6,"LENGTH_1",61,"T1",2021-07-29
"139","00186D166E","F",202,"WEIGHT_2",4.2,"LENGTH_2",71,"T2",2021-08-30
"135","00186D166E","F",202,"WEIGHT_3",4.8,"LENGTH_3",78,"T3",2021-09-29
"136","00186D166E","F",202,"WEIGHT_4",7.1,"LENGTH_4",86,"T4",2021-11-04
"138","00186D166E","F",202,"WEIGHT_5",11.2,"LENGTH_5",102,"T5",2021-12-09
"137","00186D166E","F",202,"WEIGHT_6",16.3,"LENGTH_6",115,"T6",2022-01-06
"140","00186D166E","F",202,"WEIGHT_7",37.2,"LENGTH_7",150,"T7",2022-03-30
"145","00186D166F","M",202,"WEIGHT_1",2.5,"LENGTH_1",60,"T1",2021-07-29
"142","00186D166F","M",202,"WEIGHT_2",6,"LENGTH_2",83,"T2",2021-08-30
"147","00186D166F","M",202,"WEIGHT_3",7.2,"LENGTH_3",88,"T3",2021-09-29
"146","00186D166F","M",202,"WEIGHT_4",15.7,"LENGTH_4",112,"T4",2021-11-04
"144","00186D166F","M",202,"WEIGHT_5",27.2,"LENGTH_5",135,"T5",2021-12-09
"141","00186D166F","M",202,"WEIGHT_6",35.8,"LENGTH_6",148,"T6",2022-01-06
"143","00186D166F","M",202,"WEIGHT_7",47.3,"LENGTH_7",164,"T7",2022-02-04
"151","00186D1670","F",201,"WEIGHT_1",2.3,"LENGTH_1",59,"T1",2021-07-29
"154","00186D1670","F",201,"WEIGHT_2",5.2,"LENGTH_2",75,"T2",2021-08-30
"153","00186D1670","F",201,"WEIGHT_3",10.7,"LENGTH_3",95,"T3",2021-09-29
"150","00186D1670","F",201,"WEIGHT_4",22.2,"LENGTH_4",120,"T4",2021-11-04
"148","00186D1670","F",201,"WEIGHT_5",39.6,"LENGTH_5",148,"T5",2021-12-09
"149","00186D1670","F",201,"WEIGHT_6",54.4,"LENGTH_6",157,"T6",2022-01-06
"152","00186D1670","F",201,"WEIGHT_7",105.3,"LENGTH_7",202,"T7",2022-03-30
"159","00186D1675","M",152,"WEIGHT_1",1.5,"LENGTH_1",52,"T1",2021-07-29
"160","00186D1675","M",152,"WEIGHT_2",4.2,"LENGTH_2",73,"T2",2021-08-30
"161","00186D1675","M",152,"WEIGHT_3",11.8,"LENGTH_3",102,"T3",2021-09-29
"158","00186D1675","M",152,"WEIGHT_4",27.9,"LENGTH_4",132,"T4",2021-11-04
"155","00186D1675","M",152,"WEIGHT_5",57.8,"LENGTH_5",168,"T5",2021-12-09
"157","00186D1675","M",152,"WEIGHT_6",90.4,"LENGTH_6",196,"T6",2022-01-06
"156","00186D1675","M",152,"WEIGHT_7",132.3,"LENGTH_7",216,"T7",2022-02-04
"167","00186D167A","F",201,"WEIGHT_1",2,"LENGTH_1",57,"T1",2021-07-29
"163","00186D167A","F",201,"WEIGHT_2",5.5,"LENGTH_2",76,"T2",2021-08-30
"165","00186D167A","F",201,"WEIGHT_3",6.7,"LENGTH_3",82,"T3",2021-09-29
"162","00186D167A","F",201,"WEIGHT_4",7.6,"LENGTH_4",87,"T4",2021-11-04
"164","00186D167A","F",201,"WEIGHT_5",NA,"LENGTH_5",NA,"T5",NA
"166","00186D167A","F",201,"WEIGHT_6",NA,"LENGTH_6",NA,"T6",NA
"168","00186D167A","F",201,"WEIGHT_7",NA,"LENGTH_7",NA,"T7",NA
"169","00186D167B","F",201,"WEIGHT_1",2.2,"LENGTH_1",58,"T1",2021-07-29
"173","00186D167B","F",201,"WEIGHT_2",5.3,"LENGTH_2",76,"T2",2021-08-30
"171","00186D167B","F",201,"WEIGHT_3",7.4,"LENGTH_3",85,"T3",2021-09-29
"170","00186D167B","F",201,"WEIGHT_4",15,"LENGTH_4",105,"T4",2021-11-04
"174","00186D167B","F",201,"WEIGHT_5",26.5,"LENGTH_5",125,"T5",2021-12-09
"172","00186D167B","F",201,"WEIGHT_6",40.8,"LENGTH_6",145,"T6",2022-01-06
"175","00186D167B","F",201,"WEIGHT_7",55.4,"LENGTH_7",155,"T7",2022-02-04
"182","00186D1680","F",202,"WEIGHT_1",2.9,"LENGTH_1",62,"T1",2021-07-29
"181","00186D1680","F",202,"WEIGHT_2",5.9,"LENGTH_2",79,"T2",2021-08-30
"176","00186D1680","F",202,"WEIGHT_3",4.4,"LENGTH_3",77,"T3",2021-09-29
"180","00186D1680","F",202,"WEIGHT_4",10,"LENGTH_4",82,"T4",2021-11-04
"179","00186D1680","F",202,"WEIGHT_5",10.7,"LENGTH_5",96,"T5",2021-12-09
"177","00186D1680","F",202,"WEIGHT_6",16.6,"LENGTH_6",110,"T6",2022-01-06
"178","00186D1680","F",202,"WEIGHT_7",36.9,"LENGTH_7",140,"T7",2022-03-30
"185","00186D1683","F",152,"WEIGHT_1",1.4,"LENGTH_1",51,"T1",2021-07-29
"189","00186D1683","F",152,"WEIGHT_2",3.8,"LENGTH_2",71,"T2",2021-08-30
"188","00186D1683","F",152,"WEIGHT_3",8.2,"LENGTH_3",91,"T3",2021-09-29
"184","00186D1683","F",152,"WEIGHT_4",14.7,"LENGTH_4",112,"T4",2021-11-04
"187","00186D1683","F",152,"WEIGHT_5",22.9,"LENGTH_5",130,"T5",2021-12-09
"183","00186D1683","F",152,"WEIGHT_6",32.7,"LENGTH_6",147,"T6",2022-01-06
"186","00186D1683","F",152,"WEIGHT_7",102.5,"LENGTH_7",216,"T7",2022-03-30
"193","00186D1684","M",202,"WEIGHT_1",1.5,"LENGTH_1",53,"T1",2021-07-29
"192","00186D1684","M",202,"WEIGHT_2",2.6,"LENGTH_2",63,"T2",2021-08-30
"194","00186D1684","M",202,"WEIGHT_3",2.3,"LENGTH_3",63,"T3",2021-09-29
"191","00186D1684","M",202,"WEIGHT_4",3.8,"LENGTH_4",70,"T4",2021-11-04
"195","00186D1684","M",202,"WEIGHT_5",4.8,"LENGTH_5",78,"T5",2021-12-09
"196","00186D1684","M",202,"WEIGHT_6",4.9,"LENGTH_6",79,"T6",2022-01-06
"190","00186D1684","M",202,"WEIGHT_7",6.7,"LENGTH_7",90,"T7",2022-03-30
"199","00186D1685","M",201,"WEIGHT_1",1.9,"LENGTH_1",56,"T1",2021-07-29
"201","00186D1685","M",201,"WEIGHT_2",4.1,"LENGTH_2",72,"T2",2021-08-30
"198","00186D1685","M",201,"WEIGHT_3",5.5,"LENGTH_3",79,"T3",2021-09-29
"200","00186D1685","M",201,"WEIGHT_4",12.5,"LENGTH_4",105,"T4",2021-11-04
"197","00186D1685","M",201,"WEIGHT_5",22.2,"LENGTH_5",128,"T5",2021-12-09
"203","00186D1685","M",201,"WEIGHT_6",32.3,"LENGTH_6",142,"T6",2022-01-06
"202","00186D1685","M",201,"WEIGHT_7",49.9,"LENGTH_7",165,"T7",2022-03-30
"207","00186D1687","F",202,"WEIGHT_1",1.8,"LENGTH_1",57,"T1",2021-07-29
"208","00186D1687","F",202,"WEIGHT_2",3.2,"LENGTH_2",67,"T2",2021-08-30
"206","00186D1687","F",202,"WEIGHT_3",5.9,"LENGTH_3",81,"T3",2021-09-29
"209","00186D1687","F",202,"WEIGHT_4",11.9,"LENGTH_4",101,"T4",2021-11-04
"210","00186D1687","F",202,"WEIGHT_5",NA,"LENGTH_5",NA,"T5",NA
"205","00186D1687","F",202,"WEIGHT_6",NA,"LENGTH_6",NA,"T6",NA
"204","00186D1687","F",202,"WEIGHT_7",NA,"LENGTH_7",NA,"T7",NA
"213","00186D1688","M",151,"WEIGHT_1",2.2,"LENGTH_1",59,"T1",2021-07-29
"216","00186D1688","M",151,"WEIGHT_2",4.1,"LENGTH_2",75,"T2",2021-08-30
"214","00186D1688","M",151,"WEIGHT_3",9.9,"LENGTH_3",99,"T3",2021-09-29
"211","00186D1688","M",151,"WEIGHT_4",25.5,"LENGTH_4",122,"T4",2021-11-04
"212","00186D1688","M",151,"WEIGHT_5",42.8,"LENGTH_5",153,"T5",2021-12-09
"215","00186D1688","M",151,"WEIGHT_6",70.9,"LENGTH_6",184,"T6",2022-01-06
"217","00186D1688","M",151,"WEIGHT_7",182.3,"LENGTH_7",240,"T7",2022-03-30
"223","00186D1689","M",202,"WEIGHT_1",2.2,"LENGTH_1",58,"T1",2021-07-29
"224","00186D1689","M",202,"WEIGHT_2",4.6,"LENGTH_2",73,"T2",2021-08-30
"218","00186D1689","M",202,"WEIGHT_3",7.6,"LENGTH_3",86,"T3",2021-09-29
"219","00186D1689","M",202,"WEIGHT_4",16.8,"LENGTH_4",110,"T4",2021-11-04
"222","00186D1689","M",202,"WEIGHT_5",NA,"LENGTH_5",NA,"T5",NA
"220","00186D1689","M",202,"WEIGHT_6",NA,"LENGTH_6",NA,"T6",NA
"221","00186D1689","M",202,"WEIGHT_7",NA,"LENGTH_7",NA,"T7",NA
"227","00186D1690","M",151,"WEIGHT_1",2,"LENGTH_1",57,"T1",2021-07-29
"225","00186D1690","M",151,"WEIGHT_2",5.1,"LENGTH_2",77,"T2",2021-08-30
"229","00186D1690","M",151,"WEIGHT_3",13.8,"LENGTH_3",107,"T3",2021-09-29
"226","00186D1690","M",151,"WEIGHT_4",24.1,"LENGTH_4",130,"T4",2021-11-04
"228","00186D1690","M",151,"WEIGHT_5",45.4,"LENGTH_5",160,"T5",2021-12-09
"230","00186D1690","M",151,"WEIGHT_6",76.2,"LENGTH_6",188,"T6",2022-01-06
"231","00186D1690","M",151,"WEIGHT_7",209.6,"LENGTH_7",255,"T7",2022-03-30
"233","00186D1695","F",151,"WEIGHT_1",2,"LENGTH_1",57,"T1",2021-07-29
"232","00186D1695","F",151,"WEIGHT_2",4.4,"LENGTH_2",75,"T2",2021-08-30
"238","00186D1695","F",151,"WEIGHT_3",9.4,"LENGTH_3",96,"T3",2021-09-29
"237","00186D1695","F",151,"WEIGHT_4",15.5,"LENGTH_4",114,"T4",2021-11-04
"236","00186D1695","F",151,"WEIGHT_5",26.6,"LENGTH_5",138,"T5",2021-12-09
"235","00186D1695","F",151,"WEIGHT_6",46,"LENGTH_6",159,"T6",2022-01-06
"234","00186D1695","F",151,"WEIGHT_7",124.9,"LENGTH_7",222,"T7",2022-03-30
"243","00186D1696","F",201,"WEIGHT_1",1.6,"LENGTH_1",54,"T1",2021-07-29
"244","00186D1696","F",201,"WEIGHT_2",3.9,"LENGTH_2",71,"T2",2021-08-30
"245","00186D1696","F",201,"WEIGHT_3",5.3,"LENGTH_3",79,"T3",2021-09-29
"239","00186D1696","F",201,"WEIGHT_4",9.9,"LENGTH_4",95,"T4",2021-11-04
"242","00186D1696","F",201,"WEIGHT_5",16.3,"LENGTH_5",115,"T5",2021-12-09
"240","00186D1696","F",201,"WEIGHT_6",25.4,"LENGTH_6",130,"T6",2022-01-06
"241","00186D1696","F",201,"WEIGHT_7",42.8,"LENGTH_7",155,"T7",2022-03-30
"252","00186D1697","M",151,"WEIGHT_1",2.8,"LENGTH_1",62,"T1",2021-07-29
"251","00186D1697","M",151,"WEIGHT_2",6.6,"LENGTH_2",85,"T2",2021-08-30
"250","00186D1697","M",151,"WEIGHT_3",17.6,"LENGTH_3",114,"T3",2021-09-29
"246","00186D1697","M",151,"WEIGHT_4",37.8,"LENGTH_4",148,"T4",2021-11-04
"247","00186D1697","M",151,"WEIGHT_5",70,"LENGTH_5",180,"T5",2021-12-09
"248","00186D1697","M",151,"WEIGHT_6",103.3,"LENGTH_6",208,"T6",2022-01-06
"249","00186D1697","M",151,"WEIGHT_7",231,"LENGTH_7",270,"T7",2022-03-30
"257","00186D1699","F",152,"WEIGHT_1",2.1,"LENGTH_1",57,"T1",2021-07-29
"255","00186D1699","F",152,"WEIGHT_2",4.3,"LENGTH_2",73,"T2",2021-08-30
"254","00186D1699","F",152,"WEIGHT_3",11.2,"LENGTH_3",100,"T3",2021-09-29
"259","00186D1699","F",152,"WEIGHT_4",25.6,"LENGTH_4",129,"T4",2021-11-04
"258","00186D1699","F",152,"WEIGHT_5",NA,"LENGTH_5",NA,"T5",NA
"253","00186D1699","F",152,"WEIGHT_6",NA,"LENGTH_6",NA,"T6",NA
"256","00186D1699","F",152,"WEIGHT_7",NA,"LENGTH_7",NA,"T7",NA
"266","00186D169A","F",152,"WEIGHT_1",1.6,"LENGTH_1",54,"T1",2021-07-29
"261","00186D169A","F",152,"WEIGHT_2",4,"LENGTH_2",73,"T2",2021-08-30
"265","00186D169A","F",152,"WEIGHT_3",11,"LENGTH_3",100,"T3",2021-09-29
"264","00186D169A","F",152,"WEIGHT_4",25.2,"LENGTH_4",131,"T4",2021-11-04
"263","00186D169A","F",152,"WEIGHT_5",41.9,"LENGTH_5",153,"T5",2021-12-09
"260","00186D169A","F",152,"WEIGHT_6",62.7,"LENGTH_6",171,"T6",2022-01-06
"262","00186D169A","F",152,"WEIGHT_7",164.7,"LENGTH_7",250,"T7",2022-03-30
"268","00186D169B","F",151,"WEIGHT_1",1.8,"LENGTH_1",55,"T1",2021-07-29
"267","00186D169B","F",151,"WEIGHT_2",5.5,"LENGTH_2",80,"T2",2021-08-30
"269","00186D169B","F",151,"WEIGHT_3",14.3,"LENGTH_3",110,"T3",2021-09-29
"273","00186D169B","F",151,"WEIGHT_4",26.1,"LENGTH_4",132,"T4",2021-11-04
"270","00186D169B","F",151,"WEIGHT_5",60.9,"LENGTH_5",152,"T5",2021-12-09
"272","00186D169B","F",151,"WEIGHT_6",81.2,"LENGTH_6",189,"T6",2022-01-06
"271","00186D169B","F",151,"WEIGHT_7",232.5,"LENGTH_7",265,"T7",2022-03-30
"278","00186D169C","F",152,"WEIGHT_1",2,"LENGTH_1",57,"T1",2021-07-29
"279","00186D169C","F",152,"WEIGHT_2",5,"LENGTH_2",76,"T2",2021-08-30
"280","00186D169C","F",152,"WEIGHT_3",14.1,"LENGTH_3",107,"T3",2021-09-29
"277","00186D169C","F",152,"WEIGHT_4",29.6,"LENGTH_4",135,"T4",2021-11-04
"274","00186D169C","F",152,"WEIGHT_5",NA,"LENGTH_5",NA,"T5",NA
"275","00186D169C","F",152,"WEIGHT_6",NA,"LENGTH_6",NA,"T6",NA
"276","00186D169C","F",152,"WEIGHT_7",NA,"LENGTH_7",NA,"T7",NA
"285","00186D16A0","M",201,"WEIGHT_1",2.4,"LENGTH_1",61,"T1",2021-07-29
"283","00186D16A0","M",201,"WEIGHT_2",5.4,"LENGTH_2",76,"T2",2021-08-30
"281","00186D16A0","M",201,"WEIGHT_3",10.3,"LENGTH_3",98,"T3",2021-09-29
"284","00186D16A0","M",201,"WEIGHT_4",18.4,"LENGTH_4",117,"T4",2021-11-04
"286","00186D16A0","M",201,"WEIGHT_5",NA,"LENGTH_5",NA,"T5",NA
"287","00186D16A0","M",201,"WEIGHT_6",NA,"LENGTH_6",NA,"T6",NA
"282","00186D16A0","M",201,"WEIGHT_7",NA,"LENGTH_7",NA,"T7",NA
"290","00186D16A1","M",202,"WEIGHT_1",3.3,"LENGTH_1",66,"T1",2021-07-29
"292","00186D16A1","M",202,"WEIGHT_2",7,"LENGTH_2",84,"T2",2021-08-30
"293","00186D16A1","M",202,"WEIGHT_3",5.4,"LENGTH_3",83,"T3",2021-09-29
"289","00186D16A1","M",202,"WEIGHT_4",5.2,"LENGTH_4",82,"T4",2021-11-04
"291","00186D16A1","M",202,"WEIGHT_5",10.6,"LENGTH_5",96,"T5",2021-12-09
"288","00186D16A1","M",202,"WEIGHT_6",17.7,"LENGTH_6",116,"T6",2022-01-06
"294","00186D16A1","M",202,"WEIGHT_7",56.5,"LENGTH_7",268,"T7",2022-03-30
"299","00186D16A3","F",152,"WEIGHT_1",2.1,"LENGTH_1",58,"T1",2021-07-29
"298","00186D16A3","F",152,"WEIGHT_2",5.5,"LENGTH_2",80,"T2",2021-08-30
"295","00186D16A3","F",152,"WEIGHT_3",13.7,"LENGTH_3",110,"T3",2021-09-29
"296","00186D16A3","F",152,"WEIGHT_4",32.2,"LENGTH_4",144,"T4",2021-11-04
"300","00186D16A3","F",152,"WEIGHT_5",64.1,"LENGTH_5",180,"T5",2021-12-09
"301","00186D16A3","F",152,"WEIGHT_6",98.9,"LENGTH_6",208,"T6",2022-01-06
"297","00186D16A3","F",152,"WEIGHT_7",245.6,"LENGTH_7",275,"T7",2022-03-30
"302","00186D16A6","F",152,"WEIGHT_1",2.6,"LENGTH_1",62,"T1",2021-07-29
"303","00186D16A6","F",152,"WEIGHT_2",4.5,"LENGTH_2",79,"T2",2021-08-30
"304","00186D16A6","F",152,"WEIGHT_3",10.3,"LENGTH_3",100,"T3",2021-09-29
"305","00186D16A6","F",152,"WEIGHT_4",21.5,"LENGTH_4",124,"T4",2021-11-04
"307","00186D16A6","F",152,"WEIGHT_5",37.2,"LENGTH_5",149,"T5",2021-12-09
"306","00186D16A6","F",152,"WEIGHT_6",52.7,"LENGTH_6",167,"T6",2022-01-06
"308","00186D16A6","F",152,"WEIGHT_7",124.5,"LENGTH_7",227,"T7",2022-03-30
"315","00186D16A7","F",201,"WEIGHT_1",2.7,"LENGTH_1",63,"T1",2021-07-29
"312","00186D16A7","F",201,"WEIGHT_2",7.3,"LENGTH_2",85,"T2",2021-08-30
"314","00186D16A7","F",201,"WEIGHT_3",14.1,"LENGTH_3",108,"T3",2021-09-29
"313","00186D16A7","F",201,"WEIGHT_4",30.2,"LENGTH_4",135,"T4",2021-11-04
"309","00186D16A7","F",201,"WEIGHT_5",53.7,"LENGTH_5",161,"T5",2021-12-09
"311","00186D16A7","F",201,"WEIGHT_6",61.7,"LENGTH_6",171,"T6",2022-01-06
"310","00186D16A7","F",201,"WEIGHT_7",119.2,"LENGTH_7",210,"T7",2022-03-30
"321","00186D16A9","F",201,"WEIGHT_1",2,"LENGTH_1",58,"T1",2021-07-29
"317","00186D16A9","F",201,"WEIGHT_2",3.6,"LENGTH_2",70,"T2",2021-08-30
"319","00186D16A9","F",201,"WEIGHT_3",8,"LENGTH_3",90,"T3",2021-09-29
"320","00186D16A9","F",201,"WEIGHT_4",17.4,"LENGTH_4",115,"T4",2021-11-04
"316","00186D16A9","F",201,"WEIGHT_5",34.3,"LENGTH_5",140,"T5",2021-12-09
"318","00186D16A9","F",201,"WEIGHT_6",43.1,"LENGTH_6",151,"T6",2022-01-06
"322","00186D16A9","F",201,"WEIGHT_7",76,"LENGTH_7",185,"T7",2022-03-30
"328","00186D16AA","M",152,"WEIGHT_1",3.4,"LENGTH_1",69,"T1",2021-07-29
"326","00186D16AA","M",152,"WEIGHT_2",10,"LENGTH_2",100,"T2",2021-08-30
"327","00186D16AA","M",152,"WEIGHT_3",23.9,"LENGTH_3",133,"T3",2021-09-29
"325","00186D16AA","M",152,"WEIGHT_4",48.9,"LENGTH_4",166,"T4",2021-11-04
"323","00186D16AA","M",152,"WEIGHT_5",NA,"LENGTH_5",NA,"T5",NA
"329","00186D16AA","M",152,"WEIGHT_6",NA,"LENGTH_6",NA,"T6",NA
"324","00186D16AA","M",152,"WEIGHT_7",NA,"LENGTH_7",NA,"T7",NA
"333","00186D16AB","M",151,"WEIGHT_1",3.4,"LENGTH_1",66,"T1",2021-07-29
"330","00186D16AB","M",151,"WEIGHT_2",9.7,"LENGTH_2",95,"T2",2021-08-30
"332","00186D16AB","M",151,"WEIGHT_3",24.2,"LENGTH_3",129,"T3",2021-09-29
"334","00186D16AB","M",151,"WEIGHT_4",54,"LENGTH_4",166,"T4",2021-11-04
"335","00186D16AB","M",151,"WEIGHT_5",NA,"LENGTH_5",NA,"T5",NA
"331","00186D16AB","M",151,"WEIGHT_6",NA,"LENGTH_6",NA,"T6",NA
"336","00186D16AB","M",151,"WEIGHT_7",NA,"LENGTH_7",NA,"T7",NA
"337","00186D16AE","M",152,"WEIGHT_1",1.6,"LENGTH_1",55,"T1",2021-07-29
"338","00186D16AE","M",152,"WEIGHT_2",4.8,"LENGTH_2",75,"T2",2021-08-30
"340","00186D16AE","M",152,"WEIGHT_3",16.7,"LENGTH_3",110,"T3",2021-09-29
"343","00186D16AE","M",152,"WEIGHT_4",44,"LENGTH_4",150,"T4",2021-11-04
"341","00186D16AE","M",152,"WEIGHT_5",85.4,"LENGTH_5",185,"T5",2021-12-09
"342","00186D16AE","M",152,"WEIGHT_6",113.5,"LENGTH_6",206,"T6",2022-01-06
"339","00186D16AE","M",152,"WEIGHT_7",267.7,"LENGTH_7",272,"T7",2022-03-30
"350","00186D16B0","M",152,"WEIGHT_1",2.2,"LENGTH_1",59,"T1",2021-07-29
"345","00186D16B0","M",152,"WEIGHT_2",3.3,"LENGTH_2",70,"T2",2021-08-30
"346","00186D16B0","M",152,"WEIGHT_3",5.7,"LENGTH_3",84,"T3",2021-09-29
"349","00186D16B0","M",152,"WEIGHT_4",12.2,"LENGTH_4",105,"T4",2021-11-04
"348","00186D16B0","M",152,"WEIGHT_5",NA,"LENGTH_5",NA,"T5",NA
"344","00186D16B0","M",152,"WEIGHT_6",NA,"LENGTH_6",NA,"T6",NA
"347","00186D16B0","M",152,"WEIGHT_7",NA,"LENGTH_7",NA,"T7",NA
"353","00186D16B1","M",202,"WEIGHT_1",1.9,"LENGTH_1",57,"T1",2021-07-29
"356","00186D16B1","M",202,"WEIGHT_2",3.3,"LENGTH_2",68,"T2",2021-08-30
"352","00186D16B1","M",202,"WEIGHT_3",4,"LENGTH_3",74,"T3",2021-09-29
"355","00186D16B1","M",202,"WEIGHT_4",6,"LENGTH_4",81,"T4",2021-11-04
"351","00186D16B1","M",202,"WEIGHT_5",18.6,"LENGTH_5",117,"T5",2021-12-09
"357","00186D16B1","M",202,"WEIGHT_6",29.6,"LENGTH_6",136,"T6",2022-01-06
"354","00186D16B1","M",202,"WEIGHT_7",68.7,"LENGTH_7",180,"T7",2022-03-30
"358","00186D16B2","F",202,"WEIGHT_1",1.3,"LENGTH_1",51,"T1",2021-07-29
"361","00186D16B2","F",202,"WEIGHT_2",2.9,"LENGTH_2",66,"T2",2021-08-30
"362","00186D16B2","F",202,"WEIGHT_3",4.4,"LENGTH_3",75,"T3",2021-09-29
"360","00186D16B2","F",202,"WEIGHT_4",9.1,"LENGTH_4",91,"T4",2021-11-04
"364","00186D16B2","F",202,"WEIGHT_5",17.8,"LENGTH_5",112,"T5",2021-12-09
"359","00186D16B2","F",202,"WEIGHT_6",27.2,"LENGTH_6",130,"T6",2022-01-06
"363","00186D16B2","F",202,"WEIGHT_7",57.8,"LENGTH_7",170,"T7",2022-03-30
"368","00186D16B3","M",151,"WEIGHT_1",2.7,"LENGTH_1",61,"T1",2021-07-29
"367","00186D16B3","M",151,"WEIGHT_2",6.4,"LENGTH_2",83,"T2",2021-08-30
"365","00186D16B3","M",151,"WEIGHT_3",15.4,"LENGTH_3",110,"T3",2021-09-29
"370","00186D16B3","M",151,"WEIGHT_4",31.7,"LENGTH_4",139,"T4",2021-11-04
"369","00186D16B3","M",151,"WEIGHT_5",NA,"LENGTH_5",NA,"T5",NA
"366","00186D16B3","M",151,"WEIGHT_6",NA,"LENGTH_6",NA,"T6",NA
"371","00186D16B3","M",151,"WEIGHT_7",NA,"LENGTH_7",NA,"T7",NA
"375","00186D16B5","F",201,"WEIGHT_1",2.5,"LENGTH_1",60,"T1",2021-07-29
"372","00186D16B5","F",201,"WEIGHT_2",4.3,"LENGTH_2",71,"T2",2021-08-30
"378","00186D16B5","F",201,"WEIGHT_3",5.7,"LENGTH_3",79,"T3",2021-09-29
"376","00186D16B5","F",201,"WEIGHT_4",16.6,"LENGTH_4",108,"T4",2021-11-04
"374","00186D16B5","F",201,"WEIGHT_5",39.9,"LENGTH_5",142,"T5",2021-12-09
"377","00186D16B5","F",201,"WEIGHT_6",61.4,"LENGTH_6",170,"T6",2022-01-06
"373","00186D16B5","F",201,"WEIGHT_7",83.1,"LENGTH_7",173,"T7",2022-02-04
"383","00186D16B8","F",152,"WEIGHT_1",2.2,"LENGTH_1",57,"T1",2021-07-29
"379","00186D16B8","F",152,"WEIGHT_2",5.5,"LENGTH_2",80,"T2",2021-08-30
"385","00186D16B8","F",152,"WEIGHT_3",13.6,"LENGTH_3",105,"T3",2021-09-29
"382","00186D16B8","F",152,"WEIGHT_4",20.2,"LENGTH_4",121,"T4",2021-11-04
"380","00186D16B8","F",152,"WEIGHT_5",33.9,"LENGTH_5",143,"T5",2021-12-09
"384","00186D16B8","F",152,"WEIGHT_6",29.8,"LENGTH_6",145,"T6",2022-01-06
"381","00186D16B8","F",152,"WEIGHT_7",114.8,"LENGTH_7",205,"T7",2022-03-30
"387","00186D16B9","M",202,"WEIGHT_1",2.9,"LENGTH_1",65,"T1",2021-07-29
"386","00186D16B9","M",202,"WEIGHT_2",7,"LENGTH_2",85,"T2",2021-08-30
"392","00186D16B9","M",202,"WEIGHT_3",11.1,"LENGTH_3",101,"T3",2021-09-29
"389","00186D16B9","M",202,"WEIGHT_4",22.8,"LENGTH_4",128,"T4",2021-11-04
"388","00186D16B9","M",202,"WEIGHT_5",44.1,"LENGTH_5",158,"T5",2021-12-09
"391","00186D16B9","M",202,"WEIGHT_6",62.3,"LENGTH_6",176,"T6",2022-01-06
"390","00186D16B9","M",202,"WEIGHT_7",89.7,"LENGTH_7",201,"T7",2022-02-04
"399","00186D16BB","F",202,"WEIGHT_1",1.8,"LENGTH_1",58,"T1",2021-07-29
"397","00186D16BB","F",202,"WEIGHT_2",5.6,"LENGTH_2",78,"T2",2021-08-30
"395","00186D16BB","F",202,"WEIGHT_3",12.4,"LENGTH_3",102,"T3",2021-09-29
"396","00186D16BB","F",202,"WEIGHT_4",22.2,"LENGTH_4",119,"T4",2021-11-04
"394","00186D16BB","F",202,"WEIGHT_5",39.7,"LENGTH_5",146,"T5",2021-12-09
"393","00186D16BB","F",202,"WEIGHT_6",52.3,"LENGTH_6",166,"T6",2022-01-06
"398","00186D16BB","F",202,"WEIGHT_7",69.4,"LENGTH_7",177,"T7",2022-02-04
"403","00186D16BD","M",201,"WEIGHT_1",2.3,"LENGTH_1",60,"T1",2021-07-29
"402","00186D16BD","M",201,"WEIGHT_2",5.2,"LENGTH_2",76,"T2",2021-08-30
"404","00186D16BD","M",201,"WEIGHT_3",5.1,"LENGTH_3",79,"T3",2021-09-29
"406","00186D16BD","M",201,"WEIGHT_4",8,"LENGTH_4",88,"T4",2021-11-04
"400","00186D16BD","M",201,"WEIGHT_5",19.2,"LENGTH_5",120,"T5",2021-12-09
"401","00186D16BD","M",201,"WEIGHT_6",32.1,"LENGTH_6",142,"T6",2022-01-06
"405","00186D16BD","M",201,"WEIGHT_7",NA,"LENGTH_7",NA,"T7",NA
"411","00186D16C5","F",202,"WEIGHT_1",2.2,"LENGTH_1",57,"T1",2021-07-29
"410","00186D16C5","F",202,"WEIGHT_2",4.6,"LENGTH_2",74,"T2",2021-08-30
"408","00186D16C5","F",202,"WEIGHT_3",5.4,"LENGTH_3",79,"T3",2021-09-29
"413","00186D16C5","F",202,"WEIGHT_4",13.5,"LENGTH_4",105,"T4",2021-11-04
"409","00186D16C5","F",202,"WEIGHT_5",22.8,"LENGTH_5",125,"T5",2021-12-09
"407","00186D16C5","F",202,"WEIGHT_6",32.4,"LENGTH_6",137,"T6",2022-01-06
"412","00186D16C5","F",202,"WEIGHT_7",80.3,"LENGTH_7",185,"T7",2022-03-30
"415","00186D16C8","F",152,"WEIGHT_1",1.3,"LENGTH_1",52,"T1",2021-07-29
"420","00186D16C8","F",152,"WEIGHT_2",2.5,"LENGTH_2",60,"T2",2021-08-30
"419","00186D16C8","F",152,"WEIGHT_3",3.7,"LENGTH_3",70,"T3",2021-09-29
"418","00186D16C8","F",152,"WEIGHT_4",5.2,"LENGTH_4",79,"T4",2021-11-04
"416","00186D16C8","F",152,"WEIGHT_5",6.6,"LENGTH_5",85,"T5",2021-12-09
"417","00186D16C8","F",152,"WEIGHT_6",8.1,"LENGTH_6",94,"T6",2022-01-06
"414","00186D16C8","F",152,"WEIGHT_7",8.5,"LENGTH_7",95,"T7",2022-02-04
"423","00186D16CA","M",152,"WEIGHT_1",2.7,"LENGTH_1",65,"T1",2021-07-29
"421","00186D16CA","M",152,"WEIGHT_2",6.5,"LENGTH_2",85,"T2",2021-08-30
"422","00186D16CA","M",152,"WEIGHT_3",16.3,"LENGTH_3",115,"T3",2021-09-29
"426","00186D16CA","M",152,"WEIGHT_4",31.3,"LENGTH_4",144,"T4",2021-11-04
"427","00186D16CA","M",152,"WEIGHT_5",NA,"LENGTH_5",NA,"T5",NA
"424","00186D16CA","M",152,"WEIGHT_6",NA,"LENGTH_6",NA,"T6",NA
"425","00186D16CA","M",152,"WEIGHT_7",NA,"LENGTH_7",NA,"T7",NA
"430","00186D16CC","M",151,"WEIGHT_1",1.5,"LENGTH_1",51,"T1",2021-07-29
"429","00186D16CC","M",151,"WEIGHT_2",3.8,"LENGTH_2",70,"T2",2021-08-30
"428","00186D16CC","M",151,"WEIGHT_3",10.2,"LENGTH_3",94,"T3",2021-09-29
"431","00186D16CC","M",151,"WEIGHT_4",18.5,"LENGTH_4",115,"T4",2021-11-04
"432","00186D16CC","M",151,"WEIGHT_5",NA,"LENGTH_5",NA,"T5",NA
"434","00186D16CC","M",151,"WEIGHT_6",NA,"LENGTH_6",NA,"T6",NA
"433","00186D16CC","M",151,"WEIGHT_7",NA,"LENGTH_7",NA,"T7",NA
"440","00186D16CD","M",152,"WEIGHT_1",3.8,"LENGTH_1",67,"T1",2021-07-29
"441","00186D16CD","M",152,"WEIGHT_2",8.7,"LENGTH_2",92,"T2",2021-08-30
"437","00186D16CD","M",152,"WEIGHT_3",22.1,"LENGTH_3",125,"T3",2021-09-29
"436","00186D16CD","M",152,"WEIGHT_4",51.7,"LENGTH_4",160,"T4",2021-11-04
"439","00186D16CD","M",152,"WEIGHT_5",96.8,"LENGTH_5",200,"T5",2021-12-09
"438","00186D16CD","M",152,"WEIGHT_6",122.3,"LENGTH_6",219,"T6",2022-01-06
"435","00186D16CD","M",152,"WEIGHT_7",224.9,"LENGTH_7",260,"T7",2022-03-30
"444","00186D16D7","M",202,"WEIGHT_1",2.3,"LENGTH_1",59,"T1",2021-07-29
"445","00186D16D7","M",202,"WEIGHT_2",5.3,"LENGTH_2",75,"T2",2021-08-30
"446","00186D16D7","M",202,"WEIGHT_3",7.4,"LENGTH_3",85,"T3",2021-09-29
"448","00186D16D7","M",202,"WEIGHT_4",19.9,"LENGTH_4",112,"T4",2021-11-04
"447","00186D16D7","M",202,"WEIGHT_5",NA,"LENGTH_5",NA,"T5",NA
"443","00186D16D7","M",202,"WEIGHT_6",NA,"LENGTH_6",NA,"T6",NA
"442","00186D16D7","M",202,"WEIGHT_7",NA,"LENGTH_7",NA,"T7",NA
"454","00186D16D9","F",202,"WEIGHT_1",2.3,"LENGTH_1",60,"T1",2021-07-29
"452","00186D16D9","F",202,"WEIGHT_2",5.6,"LENGTH_2",80,"T2",2021-08-30
"455","00186D16D9","F",202,"WEIGHT_3",8.8,"LENGTH_3",92,"T3",2021-09-29
"449","00186D16D9","F",202,"WEIGHT_4",19.2,"LENGTH_4",115,"T4",2021-11-04
"450","00186D16D9","F",202,"WEIGHT_5",33.2,"LENGTH_5",135,"T5",2021-12-09
"453","00186D16D9","F",202,"WEIGHT_6",41.6,"LENGTH_6",149,"T6",2022-01-06
"451","00186D16D9","F",202,"WEIGHT_7",55,"LENGTH_7",170,"T7",2022-03-30
"459","00186D16DB","M",152,"WEIGHT_1",1.6,"LENGTH_1",53,"T1",2021-07-29
"457","00186D16DB","M",152,"WEIGHT_2",4.8,"LENGTH_2",76,"T2",2021-08-30
"458","00186D16DB","M",152,"WEIGHT_3",14.4,"LENGTH_3",99,"T3",2021-09-29
"462","00186D16DB","M",152,"WEIGHT_4",29.6,"LENGTH_4",140,"T4",2021-11-04
"461","00186D16DB","M",152,"WEIGHT_5",63.4,"LENGTH_5",175,"T5",2021-12-09
"460","00186D16DB","M",152,"WEIGHT_6",92.4,"LENGTH_6",201,"T6",2022-01-06
"456","00186D16DB","M",152,"WEIGHT_7",122,"LENGTH_7",216,"T7",2022-02-04
"467","00186D16DE","M",201,"WEIGHT_1",2.3,"LENGTH_1",59,"T1",2021-07-29
"465","00186D16DE","M",201,"WEIGHT_2",4.9,"LENGTH_2",72,"T2",2021-08-30
"464","00186D16DE","M",201,"WEIGHT_3",7.3,"LENGTH_3",85,"T3",2021-09-29
"468","00186D16DE","M",201,"WEIGHT_4",11.5,"LENGTH_4",95,"T4",2021-11-04
"469","00186D16DE","M",201,"WEIGHT_5",27.5,"LENGTH_5",125,"T5",2021-12-09
"466","00186D16DE","M",201,"WEIGHT_6",32.7,"LENGTH_6",137,"T6",2022-01-06
"463","00186D16DE","M",201,"WEIGHT_7",66.5,"LENGTH_7",170,"T7",2022-03-30
"474","00186D16E3","M",201,"WEIGHT_1",2,"LENGTH_1",57,"T1",2021-07-29
"472","00186D16E3","M",201,"WEIGHT_2",4.5,"LENGTH_2",73,"T2",2021-08-30
"475","00186D16E3","M",201,"WEIGHT_3",6.5,"LENGTH_3",82,"T3",2021-09-29
"471","00186D16E3","M",201,"WEIGHT_4",8.8,"LENGTH_4",90,"T4",2021-11-04
"476","00186D16E3","M",201,"WEIGHT_5",26.6,"LENGTH_5",130,"T5",2021-12-09
"473","00186D16E3","M",201,"WEIGHT_6",46.6,"LENGTH_6",159,"T6",2022-01-06
"470","00186D16E3","M",201,"WEIGHT_7",89,"LENGTH_7",195,"T7",2022-03-30
"481","00186D16E5","F",201,"WEIGHT_1",2.6,"LENGTH_1",64,"T1",2021-07-29
"477","00186D16E5","F",201,"WEIGHT_2",4.3,"LENGTH_2",76,"T2",2021-08-30
"478","00186D16E5","F",201,"WEIGHT_3",8.1,"LENGTH_3",93,"T3",2021-09-29
"482","00186D16E5","F",201,"WEIGHT_4",14.3,"LENGTH_4",110,"T4",2021-11-04
"479","00186D16E5","F",201,"WEIGHT_5",28.7,"LENGTH_5",135,"T5",2021-12-09
"480","00186D16E5","F",201,"WEIGHT_6",41.9,"LENGTH_6",154,"T6",2022-01-06
"483","00186D16E5","F",201,"WEIGHT_7",80.7,"LENGTH_7",193,"T7",2022-03-30
"487","00186D16E6","M",151,"WEIGHT_1",2.6,"LENGTH_1",60,"T1",2021-07-29
"485","00186D16E6","M",151,"WEIGHT_2",7.5,"LENGTH_2",88,"T2",2021-08-30
"484","00186D16E6","M",151,"WEIGHT_3",22.1,"LENGTH_3",125,"T3",2021-09-29
"488","00186D16E6","M",151,"WEIGHT_4",54.4,"LENGTH_4",165,"T4",2021-11-04
"486","00186D16E6","M",151,"WEIGHT_5",NA,"LENGTH_5",NA,"T5",NA
"489","00186D16E6","M",151,"WEIGHT_6",NA,"LENGTH_6",NA,"T6",NA
"490","00186D16E6","M",151,"WEIGHT_7",NA,"LENGTH_7",NA,"T7",NA
"494","00186D16E7","F",201,"WEIGHT_1",2.4,"LENGTH_1",59,"T1",2021-07-29
"496","00186D16E7","F",201,"WEIGHT_2",5,"LENGTH_2",75,"T2",2021-08-30
"492","00186D16E7","F",201,"WEIGHT_3",NA,"LENGTH_3",79,"T3",2021-09-29
"493","00186D16E7","F",201,"WEIGHT_4",11.6,"LENGTH_4",97,"T4",2021-11-04
"491","00186D16E7","F",201,"WEIGHT_5",20.6,"LENGTH_5",120,"T5",2021-12-09
"495","00186D16E7","F",201,"WEIGHT_6",28.8,"LENGTH_6",130,"T6",2022-01-06
"497","00186D16E7","F",201,"WEIGHT_7",51.2,"LENGTH_7",155,"T7",2022-03-30
"504","00186D16EA","M",201,"WEIGHT_1",2.2,"LENGTH_1",59,"T1",2021-07-29
"501","00186D16EA","M",201,"WEIGHT_2",4.2,"LENGTH_2",73,"T2",2021-08-30
"500","00186D16EA","M",201,"WEIGHT_3",6.3,"LENGTH_3",84,"T3",2021-09-29
"498","00186D16EA","M",201,"WEIGHT_4",14.7,"LENGTH_4",109,"T4",2021-11-04
"503","00186D16EA","M",201,"WEIGHT_5",32.5,"LENGTH_5",141,"T5",2021-12-09
"502","00186D16EA","M",201,"WEIGHT_6",51.3,"LENGTH_6",164,"T6",2022-01-06
"499","00186D16EA","M",201,"WEIGHT_7",106.1,"LENGTH_7",205,"T7",2022-03-30
"511","00186D16EB","M",201,"WEIGHT_1",1.9,"LENGTH_1",56,"T1",2021-07-29
"508","00186D16EB","M",201,"WEIGHT_2",4.4,"LENGTH_2",71,"T2",2021-08-30
"510","00186D16EB","M",201,"WEIGHT_3",7,"LENGTH_3",85,"T3",2021-09-29
"506","00186D16EB","M",201,"WEIGHT_4",15.1,"LENGTH_4",106,"T4",2021-11-04
"505","00186D16EB","M",201,"WEIGHT_5",28,"LENGTH_5",132,"T5",2021-12-09
"507","00186D16EB","M",201,"WEIGHT_6",38.3,"LENGTH_6",150,"T6",2022-01-06
"509","00186D16EB","M",201,"WEIGHT_7",55.6,"LENGTH_7",166,"T7",2022-03-30
"517","00186D16EF","M",152,"WEIGHT_1",1.2,"LENGTH_1",51,"T1",2021-07-29
"518","00186D16EF","M",152,"WEIGHT_2",3.2,"LENGTH_2",67,"T2",2021-08-30
"512","00186D16EF","M",152,"WEIGHT_3",8.3,"LENGTH_3",91,"T3",2021-09-29
"516","00186D16EF","M",152,"WEIGHT_4",15.1,"LENGTH_4",114,"T4",2021-11-04
"513","00186D16EF","M",152,"WEIGHT_5",25.7,"LENGTH_5",136,"T5",2021-12-09
"514","00186D16EF","M",152,"WEIGHT_6",41.5,"LENGTH_6",163,"T6",2022-01-06
"515","00186D16EF","M",152,"WEIGHT_7",141.1,"LENGTH_7",233,"T7",2022-03-30
"524","00186D16F3","F",152,"WEIGHT_1",2.2,"LENGTH_1",58,"T1",2021-07-29
"520","00186D16F3","F",152,"WEIGHT_2",4.1,"LENGTH_2",72,"T2",2021-08-30
"523","00186D16F3","F",152,"WEIGHT_3",10.3,"LENGTH_3",97,"T3",2021-09-29
"519","00186D16F3","F",152,"WEIGHT_4",26.6,"LENGTH_4",131,"T4",2021-11-04
"522","00186D16F3","F",152,"WEIGHT_5",62.3,"LENGTH_5",172,"T5",2021-12-09
"525","00186D16F3","F",152,"WEIGHT_6",96.7,"LENGTH_6",198,"T6",2022-01-06
"521","00186D16F3","F",152,"WEIGHT_7",234.8,"LENGTH_7",260,"T7",2022-03-30
"531","00186D16F5","F",151,"WEIGHT_1",1.8,"LENGTH_1",58,"T1",2021-07-29
"529","00186D16F5","F",151,"WEIGHT_2",5,"LENGTH_2",76,"T2",2021-08-30
"527","00186D16F5","F",151,"WEIGHT_3",11.7,"LENGTH_3",101,"T3",2021-09-29
"526","00186D16F5","F",151,"WEIGHT_4",21.1,"LENGTH_4",119,"T4",2021-11-04
"530","00186D16F5","F",151,"WEIGHT_5",33.3,"LENGTH_5",143,"T5",2021-12-09
"528","00186D16F5","F",151,"WEIGHT_6",47.6,"LENGTH_6",155,"T6",2022-01-06
"532","00186D16F5","F",151,"WEIGHT_7",NA,"LENGTH_7",NA,"T7",NA
"538","00186D16F6","F",151,"WEIGHT_1",1.9,"LENGTH_1",55,"T1",2021-07-29
"533","00186D16F6","F",151,"WEIGHT_2",4.7,"LENGTH_2",75,"T2",2021-08-30
"535","00186D16F6","F",151,"WEIGHT_3",13,"LENGTH_3",104,"T3",2021-09-29
"536","00186D16F6","F",151,"WEIGHT_4",32,"LENGTH_4",136,"T4",2021-11-04
"537","00186D16F6","F",151,"WEIGHT_5",NA,"LENGTH_5",NA,"T5",NA
"534","00186D16F6","F",151,"WEIGHT_6",NA,"LENGTH_6",NA,"T6",NA
"539","00186D16F6","F",151,"WEIGHT_7",NA,"LENGTH_7",NA,"T7",NA
"543","00186D16FA","F",152,"WEIGHT_1",2,"LENGTH_1",57,"T1",2021-07-29
"541","00186D16FA","F",152,"WEIGHT_2",5.4,"LENGTH_2",79,"T2",2021-08-30
"546","00186D16FA","F",152,"WEIGHT_3",13.3,"LENGTH_3",105,"T3",2021-09-29
"544","00186D16FA","F",152,"WEIGHT_4",26.9,"LENGTH_4",132,"T4",2021-11-04
"540","00186D16FA","F",152,"WEIGHT_5",49,"LENGTH_5",160,"T5",2021-12-09
"545","00186D16FA","F",152,"WEIGHT_6",72.5,"LENGTH_6",181,"T6",2022-01-06
"542","00186D16FA","F",152,"WEIGHT_7",169.9,"LENGTH_7",243,"T7",2022-03-30
"550","00186D16FE","M",152,"WEIGHT_1",1.7,"LENGTH_1",55,"T1",2021-07-29
"553","00186D16FE","M",152,"WEIGHT_2",3.3,"LENGTH_2",70,"T2",2021-08-30
"551","00186D16FE","M",152,"WEIGHT_3",8.3,"LENGTH_3",91,"T3",2021-09-29
"547","00186D16FE","M",152,"WEIGHT_4",15.8,"LENGTH_4",114,"T4",2021-11-04
"548","00186D16FE","M",152,"WEIGHT_5",28,"LENGTH_5",135,"T5",2021-12-09
"549","00186D16FE","M",152,"WEIGHT_6",42.9,"LENGTH_6",157,"T6",2022-01-06
"552","00186D16FE","M",152,"WEIGHT_7",130.6,"LENGTH_7",226,"T7",2022-03-30
"554","00186D16FF","F",201,"WEIGHT_1",1.8,"LENGTH_1",57,"T1",2021-07-29
"557","00186D16FF","F",201,"WEIGHT_2",3.9,"LENGTH_2",71,"T2",2021-08-30
"560","00186D16FF","F",201,"WEIGHT_3",7,"LENGTH_3",85,"T3",2021-09-29
"559","00186D16FF","F",201,"WEIGHT_4",16.1,"LENGTH_4",105,"T4",2021-11-04
"558","00186D16FF","F",201,"WEIGHT_5",29.6,"LENGTH_5",129,"T5",2021-12-09
"555","00186D16FF","F",201,"WEIGHT_6",41.6,"LENGTH_6",145,"T6",2022-01-06
"556","00186D16FF","F",201,"WEIGHT_7",101.9,"LENGTH_7",190,"T7",2022-03-30
"561","00186D1703","M",202,"WEIGHT_1",2.1,"LENGTH_1",58,"T1",2021-07-29
"565","00186D1703","M",202,"WEIGHT_2",4.9,"LENGTH_2",74,"T2",2021-08-30
"562","00186D1703","M",202,"WEIGHT_3",3.8,"LENGTH_3",74,"T3",2021-09-29
"567","00186D1703","M",202,"WEIGHT_4",4.8,"LENGTH_4",76,"T4",2021-11-04
"566","00186D1703","M",202,"WEIGHT_5",12.4,"LENGTH_5",105,"T5",2021-12-09
"563","00186D1703","M",202,"WEIGHT_6",11.1,"LENGTH_6",105,"T6",2022-01-06
"564","00186D1703","M",202,"WEIGHT_7",36.3,"LENGTH_7",142,"T7",2022-03-30
"572","001872939D","F",202,"WEIGHT_1",2,"LENGTH_1",59,"T1",2021-07-29
"571","001872939D","F",202,"WEIGHT_2",3.4,"LENGTH_2",68,"T2",2021-08-30
"569","001872939D","F",202,"WEIGHT_3",4.9,"LENGTH_3",76,"T3",2021-09-29
"570","001872939D","F",202,"WEIGHT_4",6.1,"LENGTH_4",82,"T4",2021-11-04
"574","001872939D","F",202,"WEIGHT_5",12.8,"LENGTH_5",105,"T5",2021-12-09
"573","001872939D","F",202,"WEIGHT_6",21.6,"LENGTH_6",128,"T6",2022-01-06
"568","001872939D","F",202,"WEIGHT_7",52.8,"LENGTH_7",165,"T7",2022-03-30
"577","00187293A2","F",202,"WEIGHT_1",2,"LENGTH_1",58,"T1",2021-07-29
"579","00187293A2","F",202,"WEIGHT_2",4.6,"LENGTH_2",72,"T2",2021-08-30
"580","00187293A2","F",202,"WEIGHT_3",7.7,"LENGTH_3",86,"T3",2021-09-29
"576","00187293A2","F",202,"WEIGHT_4",16.4,"LENGTH_4",107,"T4",2021-11-04
"578","00187293A2","F",202,"WEIGHT_5",22.5,"LENGTH_5",120,"T5",2021-12-09
"575","00187293A2","F",202,"WEIGHT_6",31.2,"LENGTH_6",135,"T6",2022-01-06
"581","00187293A2","F",202,"WEIGHT_7",33.2,"LENGTH_7",166,"T7",2022-03-30
"584","00187293A4","M",152,"WEIGHT_1",2.9,"LENGTH_1",64,"T1",2021-07-29
"586","00187293A4","M",152,"WEIGHT_2",7.2,"LENGTH_2",85,"T2",2021-08-30
"585","00187293A4","M",152,"WEIGHT_3",16.4,"LENGTH_3",112,"T3",2021-09-29
"582","00187293A4","M",152,"WEIGHT_4",30.9,"LENGTH_4",139,"T4",2021-11-04
"583","00187293A4","M",152,"WEIGHT_5",NA,"LENGTH_5",NA,"T5",NA
"587","00187293A4","M",152,"WEIGHT_6",NA,"LENGTH_6",NA,"T6",NA
"588","00187293A4","M",152,"WEIGHT_7",NA,"LENGTH_7",NA,"T7",NA
"590","00187293A7","F",152,"WEIGHT_1",3.5,"LENGTH_1",68,"T1",2021-07-29
"592","00187293A7","F",152,"WEIGHT_2",7.8,"LENGTH_2",90,"T2",2021-08-30
"591","00187293A7","F",152,"WEIGHT_3",15.4,"LENGTH_3",112,"T3",2021-09-29
"593","00187293A7","F",152,"WEIGHT_4",27.6,"LENGTH_4",137,"T4",2021-11-04
"594","00187293A7","F",152,"WEIGHT_5",43.6,"LENGTH_5",160,"T5",2021-12-09
"589","00187293A7","F",152,"WEIGHT_6",62.1,"LENGTH_6",180,"T6",2022-01-06
"595","00187293A7","F",152,"WEIGHT_7",90,"LENGTH_7",198,"T7",2022-02-04
"601","00187293A8","M",201,"WEIGHT_1",3.1,"LENGTH_1",67,"T1",2021-07-29
"600","00187293A8","M",201,"WEIGHT_2",8.1,"LENGTH_2",88,"T2",2021-08-30
"598","00187293A8","M",201,"WEIGHT_3",15.3,"LENGTH_3",108,"T3",2021-09-29
"597","00187293A8","M",201,"WEIGHT_4",27.9,"LENGTH_4",130,"T4",2021-11-04
"599","00187293A8","M",201,"WEIGHT_5",43.2,"LENGTH_5",156,"T5",2021-12-09
"602","00187293A8","M",201,"WEIGHT_6",40.2,"LENGTH_6",158,"T6",2022-01-06
"596","00187293A8","M",201,"WEIGHT_7",62.1,"LENGTH_7",174,"T7",2022-02-04
"607","00187293B2","F",152,"WEIGHT_1",2.1,"LENGTH_1",59,"T1",2021-07-29
"608","00187293B2","F",152,"WEIGHT_2",4.9,"LENGTH_2",78,"T2",2021-08-30
"604","00187293B2","F",152,"WEIGHT_3",11.6,"LENGTH_3",102,"T3",2021-09-29
"605","00187293B2","F",152,"WEIGHT_4",28.5,"LENGTH_4",136,"T4",2021-11-04
"606","00187293B2","F",152,"WEIGHT_5",49.8,"LENGTH_5",160,"T5",2021-12-09
"609","00187293B2","F",152,"WEIGHT_6",75.6,"LENGTH_6",183,"T6",2022-01-06
"603","00187293B2","F",152,"WEIGHT_7",104.3,"LENGTH_7",204,"T7",2022-02-04
"616","00187293BA","M",152,"WEIGHT_1",3.3,"LENGTH_1",70,"T1",2021-07-29
"610","00187293BA","M",152,"WEIGHT_2",7.9,"LENGTH_2",89,"T2",2021-08-30
"613","00187293BA","M",152,"WEIGHT_3",18.7,"LENGTH_3",117,"T3",2021-09-29
"615","00187293BA","M",152,"WEIGHT_4",29.2,"LENGTH_4",134,"T4",2021-11-04
"611","00187293BA","M",152,"WEIGHT_5",45.6,"LENGTH_5",152,"T5",2021-12-09
"612","00187293BA","M",152,"WEIGHT_6",63.9,"LENGTH_6",172,"T6",2022-01-06
"614","00187293BA","M",152,"WEIGHT_7",159.6,"LENGTH_7",229,"T7",2022-03-30
"618","00187293BC","F",152,"WEIGHT_1",3.1,"LENGTH_1",67,"T1",2021-07-29
"621","00187293BC","F",152,"WEIGHT_2",9.6,"LENGTH_2",95,"T2",2021-08-30
"623","00187293BC","F",152,"WEIGHT_3",25.2,"LENGTH_3",130,"T3",2021-09-29
"622","00187293BC","F",152,"WEIGHT_4",51.7,"LENGTH_4",164,"T4",2021-11-04
"619","00187293BC","F",152,"WEIGHT_5",88.1,"LENGTH_5",195,"T5",2021-12-09
"617","00187293BC","F",152,"WEIGHT_6",139.1,"LENGTH_6",224,"T6",2022-01-06
"620","00187293BC","F",152,"WEIGHT_7",377,"LENGTH_7",315,"T7",2022-03-30
"624","00187293C0","F",202,"WEIGHT_1",3.8,"LENGTH_1",70,"T1",2021-07-29
"630","00187293C0","F",202,"WEIGHT_2",7.6,"LENGTH_2",86,"T2",2021-08-30
"626","00187293C0","F",202,"WEIGHT_3",9.1,"LENGTH_3",95,"T3",2021-09-29
"629","00187293C0","F",202,"WEIGHT_4",17.8,"LENGTH_4",116,"T4",2021-11-04
"625","00187293C0","F",202,"WEIGHT_5",31.3,"LENGTH_5",141,"T5",2021-12-09
"627","00187293C0","F",202,"WEIGHT_6",45.4,"LENGTH_6",158,"T6",2022-01-06
"628","00187293C0","F",202,"WEIGHT_7",95.8,"LENGTH_7",200,"T7",2022-03-30
"632","00187293D0","F",202,"WEIGHT_1",4,"LENGTH_1",74,"T1",2021-07-29
"634","00187293D0","F",202,"WEIGHT_2",7,"LENGTH_2",85,"T2",2021-08-30
"636","00187293D0","F",202,"WEIGHT_3",5.7,"LENGTH_3",84,"T3",2021-09-29
"637","00187293D0","F",202,"WEIGHT_4",6,"LENGTH_4",85,"T4",2021-11-04
"635","00187293D0","F",202,"WEIGHT_5",12.5,"LENGTH_5",105,"T5",2021-12-09
"633","00187293D0","F",202,"WEIGHT_6",19.4,"LENGTH_6",120,"T6",2022-01-06
"631","00187293D0","F",202,"WEIGHT_7",44.4,"LENGTH_7",156,"T7",2022-03-30
"638","00187293DC","F",151,"WEIGHT_1",1.8,"LENGTH_1",56,"T1",2021-07-29
"640","00187293DC","F",151,"WEIGHT_2",5,"LENGTH_2",77,"T2",2021-08-30
"642","00187293DC","F",151,"WEIGHT_3",12.7,"LENGTH_3",105,"T3",2021-09-29
"643","00187293DC","F",151,"WEIGHT_4",26.9,"LENGTH_4",131,"T4",2021-11-04
"644","00187293DC","F",151,"WEIGHT_5",51.8,"LENGTH_5",164,"T5",2021-12-09
"641","00187293DC","F",151,"WEIGHT_6",78.5,"LENGTH_6",186,"T6",2022-01-06
"639","00187293DC","F",151,"WEIGHT_7",200.4,"LENGTH_7",255,"T7",2022-03-30
"645","00187293ED","F",201,"WEIGHT_1",2.5,"LENGTH_1",62,"T1",2021-07-29
"649","00187293ED","F",201,"WEIGHT_2",3.7,"LENGTH_2",70,"T2",2021-08-30
"646","00187293ED","F",201,"WEIGHT_3",5.3,"LENGTH_3",79,"T3",2021-09-29
"648","00187293ED","F",201,"WEIGHT_4",11.2,"LENGTH_4",99,"T4",2021-11-04
"651","00187293ED","F",201,"WEIGHT_5",NA,"LENGTH_5",NA,"T5",NA
"647","00187293ED","F",201,"WEIGHT_6",NA,"LENGTH_6",NA,"T6",NA
"650","00187293ED","F",201,"WEIGHT_7",NA,"LENGTH_7",NA,"T7",NA
"653","00187293F6","M",151,"WEIGHT_1",3.2,"LENGTH_1",68,"T1",2021-07-29
"656","00187293F6","M",151,"WEIGHT_2",8.5,"LENGTH_2",90,"T2",2021-08-30
"652","00187293F6","M",151,"WEIGHT_3",22.4,"LENGTH_3",123,"T3",2021-09-29
"654","00187293F6","M",151,"WEIGHT_4",45.2,"LENGTH_4",155,"T4",2021-11-04
"658","00187293F6","M",151,"WEIGHT_5",88.3,"LENGTH_5",195,"T5",2021-12-09
"657","00187293F6","M",151,"WEIGHT_6",103.7,"LENGTH_6",211,"T6",2022-01-06
"655","00187293F6","M",151,"WEIGHT_7",242.6,"LENGTH_7",276,"T7",2022-03-30
"660","001872946B","F",202,"WEIGHT_1",2.2,"LENGTH_1",59,"T1",2021-07-29
"662","001872946B","F",202,"WEIGHT_2",4.8,"LENGTH_2",75,"T2",2021-08-30
"664","001872946B","F",202,"WEIGHT_3",8.7,"LENGTH_3",89,"T3",2021-09-29
"659","001872946B","F",202,"WEIGHT_4",18.2,"LENGTH_4",116,"T4",2021-11-04
"661","001872946B","F",202,"WEIGHT_5",NA,"LENGTH_5",NA,"T5",NA
"663","001872946B","F",202,"WEIGHT_6",NA,"LENGTH_6",NA,"T6",NA
"665","001872946B","F",202,"WEIGHT_7",NA,"LENGTH_7",NA,"T7",NA
"667","001872946F","F",151,"WEIGHT_1",2.1,"LENGTH_1",59,"T1",2021-07-29
"672","001872946F","F",151,"WEIGHT_2",4,"LENGTH_2",74,"T2",2021-08-30
"671","001872946F","F",151,"WEIGHT_3",9.6,"LENGTH_3",98,"T3",2021-09-29
"670","001872946F","F",151,"WEIGHT_4",17.4,"LENGTH_4",117,"T4",2021-11-04
"668","001872946F","F",151,"WEIGHT_5",33.5,"LENGTH_5",147,"T5",2021-12-09
"669","001872946F","F",151,"WEIGHT_6",61.4,"LENGTH_6",180,"T6",2022-01-06
"666","001872946F","F",151,"WEIGHT_7",156.9,"LENGTH_7",242,"T7",2022-03-30
"674","001872948A","F",201,"WEIGHT_1",4.2,"LENGTH_1",72,"T1",2021-07-29
"679","001872948A","F",201,"WEIGHT_2",9.4,"LENGTH_2",95,"T2",2021-08-30
"673","001872948A","F",201,"WEIGHT_3",16.2,"LENGTH_3",114,"T3",2021-09-29
"677","001872948A","F",201,"WEIGHT_4",25.8,"LENGTH_4",130,"T4",2021-11-04
"675","001872948A","F",201,"WEIGHT_5",50.6,"LENGTH_5",163,"T5",2021-12-09
"678","001872948A","F",201,"WEIGHT_6",69.2,"LENGTH_6",183,"T6",2022-01-06
"676","001872948A","F",201,"WEIGHT_7",82,"LENGTH_7",189,"T7",2022-02-04
"683","001872948B","F",201,"WEIGHT_1",2.9,"LENGTH_1",64,"T1",2021-07-29
"686","001872948B","F",201,"WEIGHT_2",6.7,"LENGTH_2",83,"T2",2021-08-30
"685","001872948B","F",201,"WEIGHT_3",11.7,"LENGTH_3",101,"T3",2021-09-29
"684","001872948B","F",201,"WEIGHT_4",18.9,"LENGTH_4",119,"T4",2021-11-04
"682","001872948B","F",201,"WEIGHT_5",42.6,"LENGTH_5",150,"T5",2021-12-09
"680","001872948B","F",201,"WEIGHT_6",48.7,"LENGTH_6",160,"T6",2022-01-06
"681","001872948B","F",201,"WEIGHT_7",56.2,"LENGTH_7",165,"T7",2022-02-04
"687","001872948D","M",152,"WEIGHT_1",3.9,"LENGTH_1",72,"T1",2021-07-29
"692","001872948D","M",152,"WEIGHT_2",11.7,"LENGTH_2",104,"T2",2021-08-30
"688","001872948D","M",152,"WEIGHT_3",29.7,"LENGTH_3",141,"T3",2021-09-29
"689","001872948D","M",152,"WEIGHT_4",65.2,"LENGTH_4",177,"T4",2021-11-04
"690","001872948D","M",152,"WEIGHT_5",115.8,"LENGTH_5",215,"T5",2021-12-09
"691","001872948D","M",152,"WEIGHT_6",140.4,"LENGTH_6",230,"T6",2022-01-06
"693","001872948D","M",152,"WEIGHT_7",259.8,"LENGTH_7",275,"T7",2022-03-30
"694","001872949A","F",201,"WEIGHT_1",1.9,"LENGTH_1",61,"T1",2021-07-29
"696","001872949A","F",201,"WEIGHT_2",4.1,"LENGTH_2",72,"T2",2021-08-30
"697","001872949A","F",201,"WEIGHT_3",5.5,"LENGTH_3",80,"T3",2021-09-29
"695","001872949A","F",201,"WEIGHT_4",11.7,"LENGTH_4",100,"T4",2021-11-04
"700","001872949A","F",201,"WEIGHT_5",24.6,"LENGTH_5",128,"T5",2021-12-09
"698","001872949A","F",201,"WEIGHT_6",36.3,"LENGTH_6",146,"T6",2022-01-06
"699","001872949A","F",201,"WEIGHT_7",58.4,"LENGTH_7",174,"T7",2022-03-30
"701","001872949D","M",201,"WEIGHT_1",4.3,"LENGTH_1",76,"T1",2021-07-29
"705","001872949D","M",201,"WEIGHT_2",8.1,"LENGTH_2",91,"T2",2021-08-30
"702","001872949D","M",201,"WEIGHT_3",10.8,"LENGTH_3",101,"T3",2021-09-29
"706","001872949D","M",201,"WEIGHT_4",19,"LENGTH_4",120,"T4",2021-11-04
"707","001872949D","M",201,"WEIGHT_5",28.6,"LENGTH_5",139,"T5",2021-12-09
"703","001872949D","M",201,"WEIGHT_6",35.2,"LENGTH_6",149,"T6",2022-01-06
"704","001872949D","M",201,"WEIGHT_7",77,"LENGTH_7",187,"T7",2022-03-30
"708","001872949E","F",202,"WEIGHT_1",3.9,"LENGTH_1",73,"T1",2021-07-29
"710","001872949E","F",202,"WEIGHT_2",8,"LENGTH_2",88,"T2",2021-08-30
"712","001872949E","F",202,"WEIGHT_3",12,"LENGTH_3",105,"T3",2021-09-29
"709","001872949E","F",202,"WEIGHT_4",22.5,"LENGTH_4",128,"T4",2021-11-04
"713","001872949E","F",202,"WEIGHT_5",NA,"LENGTH_5",NA,"T5",NA
"714","001872949E","F",202,"WEIGHT_6",NA,"LENGTH_6",NA,"T6",NA
"711","001872949E","F",202,"WEIGHT_7",NA,"LENGTH_7",NA,"T7",NA
"721","00187294A1","F",152,"WEIGHT_1",3.8,"LENGTH_1",70,"T1",2021-07-29
"717","00187294A1","F",152,"WEIGHT_2",9.6,"LENGTH_2",95,"T2",2021-08-30
"715","00187294A1","F",152,"WEIGHT_3",22.3,"LENGTH_3",125,"T3",2021-09-29
"718","00187294A1","F",152,"WEIGHT_4",41.7,"LENGTH_4",154,"T4",2021-11-04
"720","00187294A1","F",152,"WEIGHT_5",74.6,"LENGTH_5",184,"T5",2021-12-09
"716","00187294A1","F",152,"WEIGHT_6",97.5,"LENGTH_6",206,"T6",2022-01-06
"719","00187294A1","F",152,"WEIGHT_7",209.1,"LENGTH_7",265,"T7",2022-03-30
"722","00187294A9","F",152,"WEIGHT_1",3.8,"LENGTH_1",68,"T1",2021-07-29
"723","00187294A9","F",152,"WEIGHT_2",8.5,"LENGTH_2",90,"T2",2021-08-30
"727","00187294A9","F",152,"WEIGHT_3",18.2,"LENGTH_3",117,"T3",2021-09-29
"725","00187294A9","F",152,"WEIGHT_4",34.2,"LENGTH_4",141,"T4",2021-11-04
"728","00187294A9","F",152,"WEIGHT_5",61.4,"LENGTH_5",171,"T5",2021-12-09
"726","00187294A9","F",152,"WEIGHT_6",78.8,"LENGTH_6",189,"T6",2022-01-06
"724","00187294A9","F",152,"WEIGHT_7",148.1,"LENGTH_7",232,"T7",2022-03-30
"735","00187294B5","F",151,"WEIGHT_1",1.5,"LENGTH_1",54,"T1",2021-07-29
"733","00187294B5","F",151,"WEIGHT_2",2.9,"LENGTH_2",68,"T2",2021-08-30
"734","00187294B5","F",151,"WEIGHT_3",6.2,"LENGTH_3",85,"T3",2021-09-29
"729","00187294B5","F",151,"WEIGHT_4",11.5,"LENGTH_4",106,"T4",2021-11-04
"730","00187294B5","F",151,"WEIGHT_5",23.4,"LENGTH_5",132,"T5",2021-12-09
"731","00187294B5","F",151,"WEIGHT_6",44.9,"LENGTH_6",164,"T6",2022-01-06
"732","00187294B5","F",151,"WEIGHT_7",135.2,"LENGTH_7",235,"T7",2022-03-30
"737","00187294B8","M",202,"WEIGHT_1",4.4,"LENGTH_1",70,"T1",2021-07-29
"736","00187294B8","M",202,"WEIGHT_2",8.7,"LENGTH_2",90,"T2",2021-08-30
"739","00187294B8","M",202,"WEIGHT_3",13,"LENGTH_3",104,"T3",2021-09-29
"742","00187294B8","M",202,"WEIGHT_4",22.3,"LENGTH_4",124,"T4",2021-11-04
"740","00187294B8","M",202,"WEIGHT_5",37.3,"LENGTH_5",145,"T5",2021-12-09
"738","00187294B8","M",202,"WEIGHT_6",49.5,"LENGTH_6",159,"T6",2022-01-06
"741","00187294B8","M",202,"WEIGHT_7",119,"LENGTH_7",210,"T7",2022-03-30
"746","00187294B9","F",151,"WEIGHT_1",3.3,"LENGTH_1",68,"T1",2021-07-29
"747","00187294B9","F",151,"WEIGHT_2",6.7,"LENGTH_2",86,"T2",2021-08-30
"745","00187294B9","F",151,"WEIGHT_3",13,"LENGTH_3",105,"T3",2021-09-29
"749","00187294B9","F",151,"WEIGHT_4",24.3,"LENGTH_4",131,"T4",2021-11-04
"744","00187294B9","F",151,"WEIGHT_5",43.7,"LENGTH_5",156,"T5",2021-12-09
"743","00187294B9","F",151,"WEIGHT_6",59.6,"LENGTH_6",175,"T6",2022-01-06
"748","00187294B9","F",151,"WEIGHT_7",173.5,"LENGTH_7",250,"T7",2022-03-30
"752","00187294BD","F",201,"WEIGHT_1",2.1,"LENGTH_1",58,"T1",2021-07-29
"755","00187294BD","F",201,"WEIGHT_2",3.5,"LENGTH_2",67,"T2",2021-08-30
"751","00187294BD","F",201,"WEIGHT_3",5,"LENGTH_3",77,"T3",2021-09-29
"754","00187294BD","F",201,"WEIGHT_4",7.6,"LENGTH_4",86,"T4",2021-11-04
"750","00187294BD","F",201,"WEIGHT_5",8.8,"LENGTH_5",92,"T5",2021-12-09
"753","00187294BD","F",201,"WEIGHT_6",12.1,"LENGTH_6",96,"T6",2022-01-06
"756","00187294BD","F",201,"WEIGHT_7",15.6,"LENGTH_7",110,"T7",2022-03-30
"757","00187294BF","F",201,"WEIGHT_1",1.9,"LENGTH_1",56,"T1",2021-07-29
"758","00187294BF","F",201,"WEIGHT_2",5.1,"LENGTH_2",76,"T2",2021-08-30
"761","00187294BF","F",201,"WEIGHT_3",10.3,"LENGTH_3",95,"T3",2021-09-29
"762","00187294BF","F",201,"WEIGHT_4",27.5,"LENGTH_4",125,"T4",2021-11-04
"760","00187294BF","F",201,"WEIGHT_5",NA,"LENGTH_5",NA,"T5",NA
"763","00187294BF","F",201,"WEIGHT_6",NA,"LENGTH_6",NA,"T6",NA
"759","00187294BF","F",201,"WEIGHT_7",NA,"LENGTH_7",NA,"T7",NA
"766","00187294C1","F",202,"WEIGHT_1",3.6,"LENGTH_1",70,"T1",2021-07-29
"769","00187294C1","F",202,"WEIGHT_2",7.3,"LENGTH_2",85,"T2",2021-08-30
"770","00187294C1","F",202,"WEIGHT_3",8.3,"LENGTH_3",91,"T3",2021-09-29
"768","00187294C1","F",202,"WEIGHT_4",13.9,"LENGTH_4",112,"T4",2021-11-04
"765","00187294C1","F",202,"WEIGHT_5",31.2,"LENGTH_5",140,"T5",2021-12-09
"767","00187294C1","F",202,"WEIGHT_6",39,"LENGTH_6",151,"T6",2022-01-06
"764","00187294C1","F",202,"WEIGHT_7",71.7,"LENGTH_7",175,"T7",2022-03-30
"777","00187294C4","M",152,"WEIGHT_1",1.9,"LENGTH_1",58,"T1",2021-07-29
"776","00187294C4","M",152,"WEIGHT_2",3.7,"LENGTH_2",70,"T2",2021-08-30
"773","00187294C4","M",152,"WEIGHT_3",8.3,"LENGTH_3",91,"T3",2021-09-29
"771","00187294C4","M",152,"WEIGHT_4",14,"LENGTH_4",108,"T4",2021-11-04
"772","00187294C4","M",152,"WEIGHT_5",24.4,"LENGTH_5",130,"T5",2021-12-09
"774","00187294C4","M",152,"WEIGHT_6",32,"LENGTH_6",148,"T6",2022-01-06
"775","00187294C4","M",152,"WEIGHT_7",56.6,"LENGTH_7",172,"T7",2022-02-04
"782","00187294D3","M",152,"WEIGHT_1",3.6,"LENGTH_1",69,"T1",2021-07-29
"780","00187294D3","M",152,"WEIGHT_2",9.3,"LENGTH_2",94,"T2",2021-08-30
"783","00187294D3","M",152,"WEIGHT_3",22.8,"LENGTH_3",127,"T3",2021-09-29
"784","00187294D3","M",152,"WEIGHT_4",50.6,"LENGTH_4",165,"T4",2021-11-04
"778","00187294D3","M",152,"WEIGHT_5",99.2,"LENGTH_5",201,"T5",2021-12-09
"781","00187294D3","M",152,"WEIGHT_6",135.2,"LENGTH_6",226,"T6",2022-01-06
"779","00187294D3","M",152,"WEIGHT_7",297.2,"LENGTH_7",290,"T7",2022-03-30
"790","00187294D8","F",152,"WEIGHT_1",1.5,"LENGTH_1",53,"T1",2021-07-29
"789","00187294D8","F",152,"WEIGHT_2",3.3,"LENGTH_2",68,"T2",2021-08-30
"786","00187294D8","F",152,"WEIGHT_3",9,"LENGTH_3",94,"T3",2021-09-29
"791","00187294D8","F",152,"WEIGHT_4",18.1,"LENGTH_4",121,"T4",2021-11-04
"785","00187294D8","F",152,"WEIGHT_5",39,"LENGTH_5",150,"T5",2021-12-09
"787","00187294D8","F",152,"WEIGHT_6",68,"LENGTH_6",184,"T6",2022-01-06
"788","00187294D8","F",152,"WEIGHT_7",95.3,"LENGTH_7",204,"T7",2022-02-09
"794","00187294DB","F",152,"WEIGHT_1",2,"LENGTH_1",58,"T1",2021-07-29
"793","00187294DB","F",152,"WEIGHT_2",3.4,"LENGTH_2",70,"T2",2021-08-30
"792","00187294DB","F",152,"WEIGHT_3",9.2,"LENGTH_3",95,"T3",2021-09-29
"798","00187294DB","F",152,"WEIGHT_4",18.3,"LENGTH_4",118,"T4",2021-11-04
"797","00187294DB","F",152,"WEIGHT_5",29.8,"LENGTH_5",140,"T5",2021-12-09
"795","00187294DB","F",152,"WEIGHT_6",43.6,"LENGTH_6",160,"T6",2022-01-06
"796","00187294DB","F",152,"WEIGHT_7",68.8,"LENGTH_7",182,"T7",2022-02-04
"804","00187294DD","F",202,"WEIGHT_1",3.7,"LENGTH_1",73,"T1",2021-07-29
"799","00187294DD","F",202,"WEIGHT_2",7.7,"LENGTH_2",90,"T2",2021-08-30
"803","00187294DD","F",202,"WEIGHT_3",7,"LENGTH_3",90,"T3",2021-09-29
"801","00187294DD","F",202,"WEIGHT_4",12.6,"LENGTH_4",109,"T4",2021-11-04
"805","00187294DD","F",202,"WEIGHT_5",21.4,"LENGTH_5",127,"T5",2021-12-09
"800","00187294DD","F",202,"WEIGHT_6",35.1,"LENGTH_6",148,"T6",2022-01-06
"802","00187294DD","F",202,"WEIGHT_7",72.5,"LENGTH_7",187,"T7",2022-03-30
"812","00187294ED","M",151,"WEIGHT_1",1.3,"LENGTH_1",49,"T1",2021-07-29
"810","00187294ED","M",151,"WEIGHT_2",3.3,"LENGTH_2",67,"T2",2021-08-30
"811","00187294ED","M",151,"WEIGHT_3",7.8,"LENGTH_3",91,"T3",2021-09-29
"809","00187294ED","M",151,"WEIGHT_4",15.6,"LENGTH_4",114,"T4",2021-11-04
"807","00187294ED","M",151,"WEIGHT_5",NA,"LENGTH_5",NA,"T5",NA
"806","00187294ED","M",151,"WEIGHT_6",NA,"LENGTH_6",NA,"T6",NA
"808","00187294ED","M",151,"WEIGHT_7",NA,"LENGTH_7",NA,"T7",NA
"813","00187294F3","M",152,"WEIGHT_1",2.9,"LENGTH_1",64,"T1",2021-07-29
"815","00187294F3","M",152,"WEIGHT_2",6.7,"LENGTH_2",84,"T2",2021-08-30
"816","00187294F3","M",152,"WEIGHT_3",18.1,"LENGTH_3",116,"T3",2021-09-29
"818","00187294F3","M",152,"WEIGHT_4",41.4,"LENGTH_4",151,"T4",2021-11-04
"814","00187294F3","M",152,"WEIGHT_5",NA,"LENGTH_5",NA,"T5",NA
"819","00187294F3","M",152,"WEIGHT_6",NA,"LENGTH_6",NA,"T6",NA
"817","00187294F3","M",152,"WEIGHT_7",NA,"LENGTH_7",NA,"T7",NA
"821","00187294F9","F",201,"WEIGHT_1",3.4,"LENGTH_1",69,"T1",2021-07-29
"824","00187294F9","F",201,"WEIGHT_2",5.3,"LENGTH_2",79,"T2",2021-08-30
"820","00187294F9","F",201,"WEIGHT_3",10.8,"LENGTH_3",100,"T3",2021-09-29
"826","00187294F9","F",201,"WEIGHT_4",22,"LENGTH_4",125,"T4",2021-11-04
"823","00187294F9","F",201,"WEIGHT_5",46.1,"LENGTH_5",155,"T5",2021-12-09
"825","00187294F9","F",201,"WEIGHT_6",59,"LENGTH_6",169,"T6",2022-01-06
"822","00187294F9","F",201,"WEIGHT_7",106.1,"LENGTH_7",210,"T7",2022-03-30
"833","00187294FC","F",202,"WEIGHT_1",2.6,"LENGTH_1",64,"T1",2021-07-29
"830","00187294FC","F",202,"WEIGHT_2",4.5,"LENGTH_2",75,"T2",2021-08-30
"832","00187294FC","F",202,"WEIGHT_3",3.9,"LENGTH_3",74,"T3",2021-09-29
"831","00187294FC","F",202,"WEIGHT_4",5.7,"LENGTH_4",82,"T4",2021-11-04
"828","00187294FC","F",202,"WEIGHT_5",9.1,"LENGTH_5",94,"T5",2021-12-09
"827","00187294FC","F",202,"WEIGHT_6",13.3,"LENGTH_6",106,"T6",2022-01-06
"829","00187294FC","F",202,"WEIGHT_7",24.4,"LENGTH_7",130,"T7",2022-03-30
"836","001872950C","M",201,"WEIGHT_1",1.9,"LENGTH_1",56,"T1",2021-07-29
"840","001872950C","M",201,"WEIGHT_2",3.9,"LENGTH_2",70,"T2",2021-08-30
"839","001872950C","M",201,"WEIGHT_3",3.3,"LENGTH_3",70,"T3",2021-09-29
"835","001872950C","M",201,"WEIGHT_4",6.5,"LENGTH_4",80,"T4",2021-11-04
"834","001872950C","M",201,"WEIGHT_5",16,"LENGTH_5",110,"T5",2021-12-09
"837","001872950C","M",201,"WEIGHT_6",29.6,"LENGTH_6",135,"T6",2022-01-06
"838","001872950C","M",201,"WEIGHT_7",65,"LENGTH_7",177,"T7",2022-03-30
"846","001872951B","F",152,"WEIGHT_1",2.3,"LENGTH_1",62,"T1",2021-07-29
"844","001872951B","F",152,"WEIGHT_2",5.2,"LENGTH_2",81,"T2",2021-08-30
"843","001872951B","F",152,"WEIGHT_3",11.4,"LENGTH_3",105,"T3",2021-09-29
"845","001872951B","F",152,"WEIGHT_4",23.1,"LENGTH_4",134,"T4",2021-11-04
"847","001872951B","F",152,"WEIGHT_5",47.1,"LENGTH_5",166,"T5",2021-12-09
"841","001872951B","F",152,"WEIGHT_6",70.1,"LENGTH_6",188,"T6",2022-01-06
"842","001872951B","F",152,"WEIGHT_7",164.8,"LENGTH_7",249,"T7",2022-03-30
